{
    "subject": "Biology",
    "topic": "Osmosis",
    "grade": "Form 1",
    "source": "Form One Biology Notes (scanned document) + simple extensions for clarity",
    "chunks": [
        {
            "id": "bio_osmosis_def_01",
            "type": "definition",
            "text": "Osmosis is the movement of water molecules through a semi-permeable membrane.",
            "difficulty": "intro"
        },
        {
            "id": "bio_osmosis_mem_01",
            "type": "definition",
            "text": "Semi-permeable membrane allows water molecules to pass but selects other molecules.",
            "difficulty": "intro"
        },
        {
            "id": "bio_osmosis_bac_01",
            "type": "importance",
            "text": "Cell wall prevents bacterial cells from bursting when bacterial cells absorb much water by osmosis.",
            "difficulty": "intro"
        },
        {
            "id": "bio_osmosis_imp_plant_01",
            "type": "importance",
            "text": "Osmosis makes plant cells firm and provides support to the plant.",
            "difficulty": "intro"
        },
        {
            "id": "bio_osmosis_imp_abs_01",
            "type": "importance",
            "text": "Plants absorb water from the soil by osmosis through root hair cells.",
            "difficulty": "intro"
        },
        {
            "id": "bio_osmosis_imp_animal_01",
            "type": "importance",
            "text": "Osmosis maintains the correct water balance in animal cells to prevent bursting or shrinking.",
            "difficulty": "intro"
        }
    ]
}