{
    "ID": 16,
    "name": "Papa",
    "subjects": [
        "Math"
    ],
    "availability": {
        "Monday": [
            1,
            2,
            3,
            4,
            5,
            6,
            7,
            8,
            9,
            10
        ],
        "Tuesday": [
            1,
            2,
            3,
            4,
            5,
            6,
            7,
            8,
            9,
            10
        ],
        "Wednesday": [
            1,
            2,
            3,
            4,
            5,
            6,
            7,
            8,
            9,
            10
        ],
        "Thursday": [
            1,
            2,
            3,
            4,
            5,
            6,
            7,
            8,
            9,
            10
        ],
        "Friday": [
            1,
            2,
            3,
            4,
            5,
            6,
            7,
            8,
            9,
            10
        ]
    }
}