{
    "what is osmosis": "Osmosis is the movement of water molecules through a semi-permeable membrane.",
    "define osmosis": "Osmosis is the movement of water molecules through a semi-permeable membrane.",
    "explain what osmosis is": "Osmosis is the movement of water molecules through a semi-permeable membrane.",
    "what is a semi-permeable membrane": "A semi-permeable membrane allows water molecules to pass through but restricts other molecules.",
    "define semi-permeable membrane": "A semi-permeable membrane allows water molecules to pass through but restricts other molecules.",
    "explain what a semi-permeable membrane is": "A semi-permeable membrane allows water molecules to pass through but restricts other molecules.",
    "what is the importance of osmosis in bacteria": "The cell wall prevents bacterial cells from bursting when they absorb excess water by osmosis.",
    "explain the importance of osmosis in bacteria": "The cell wall prevents bacterial cells from bursting when they absorb excess water by osmosis.",
    "state the importance of osmosis in bacterial cells": "The cell wall prevents bacterial cells from bursting when they absorb excess water by osmosis.",
    "how does osmosis help plants": "Osmosis makes plant cells firm and provides support to the plant.",
    "why is osmosis important for plant support": "Osmosis makes plant cells firm and provides support to the plant.",
    "explain how osmosis makes plant cells firm": "Osmosis makes plant cells firm and provides support to the plant.",
    "how do plants absorb water from the soil": "Plants absorb water from the soil by osmosis through root hair cells.",
    "role of osmosis in water absorption in plants": "Plants absorb water from the soil by osmosis through root hair cells.",
    "explain how root hair cells use osmosis": "Plants absorb water from the soil by osmosis through root hair cells.",
    "why is osmosis important in animal cells": "Osmosis maintains the correct water balance in animal cells, preventing them from bursting or shrinking.",
    "how does osmosis affect animal cells": "Osmosis maintains the correct water balance in animal cells, preventing them from bursting or shrinking.",
    "explain the importance of osmosis in animals": "Osmosis maintains the correct water balance in animal cells, preventing them from bursting or shrinking."
}